/*
Navicat MySQL Data Transfer

Source Server         : vitol_server
Source Server Version : 50163
Source Host           : vitol95.mysql.ukraine.com.ua:3306
Source Database       : vitol95_db

Target Server Type    : MYSQL
Target Server Version : 50163
File Encoding         : 65001

Date: 2012-11-15 10:36:14
*/

SET FOREIGN_KEY_CHECKS=0;

-- ----------------------------
-- Table structure for `adm_data`
-- ----------------------------
DROP TABLE IF EXISTS `adm_data`;
CREATE TABLE `adm_data` (
  `log` char(10) NOT NULL,
  `pass` char(50) NOT NULL,
  `id` int(11) NOT NULL AUTO_INCREMENT,
  PRIMARY KEY (`id`)
) ENGINE=MyISAM AUTO_INCREMENT=3 DEFAULT CHARSET=utf8;

-- ----------------------------
-- Records of adm_data
-- ----------------------------
INSERT INTO `adm_data` VALUES ('vitol1995', '76042642711a9d7050f115da04d44031', '1');

-- ----------------------------
-- Table structure for `foto`
-- ----------------------------
DROP TABLE IF EXISTS `foto`;
CREATE TABLE `foto` (
  `id` int(11) NOT NULL AUTO_INCREMENT,
  `link` varchar(255) NOT NULL,
  `title` varchar(150) NOT NULL,
  `alt` varchar(150) DEFAULT NULL,
  `prod_id` int(11) NOT NULL,
  PRIMARY KEY (`id`)
) ENGINE=MyISAM AUTO_INCREMENT=142 DEFAULT CHARSET=utf8;

-- ----------------------------
-- Records of foto
-- ----------------------------
INSERT INTO `foto` VALUES ('1', '/fotos/pvp-0,65.jpg', 'ПВП 0,65', 'ПВП 0,65', '2');
INSERT INTO `foto` VALUES ('2', '/fotos/pvp-0,36.jpg', 'ПВП 0,36', 'ПВП 0,36', '2');
INSERT INTO `foto` VALUES ('3', '/fotos/pvp-0,5.jpg', 'ПВП 0,5', 'ПВП 0,5', '2');
INSERT INTO `foto` VALUES ('67', '/fotos/9c646e1baa4899370aad9336f73f2cbe.jpg', 'ПКМ-1,6', '', '30');
INSERT INTO `foto` VALUES ('66', '/fotos/2628ed01a14dfddf86a13b51bd111efe.jpg', 'ПВ-24М', '', '26');
INSERT INTO `foto` VALUES ('68', '/fotos/6b8bcda217c98d561dadba292d3cf2b7.jpg', 'ГИ-3х1К', '', '3');
INSERT INTO `foto` VALUES ('58', '/fotos/748ee4ac82b01b5270e7f1e05bf65103.jpg', 'Питатель типа ВЗПЛ', '', '1');
INSERT INTO `foto` VALUES ('59', '/fotos/bb5c1620e9c6dac61831a2e88525d1ed.jpg', 'ПИ 1,4Ш', '', '23');
INSERT INTO `foto` VALUES ('60', '/fotos/b927babf92df0fea075f845380f1e445.jpg', 'ПВО 1,0х1,4 и ПВ 1,8х1,0', '', '24');
INSERT INTO `foto` VALUES ('70', '/fotos/fee1342bd17e90db95584efb23b2d4ee.jpg', 'ГС-3,5х1', '', '32');
INSERT INTO `foto` VALUES ('77', '/fotos/7d6659f812c14fb93075b8bb82bd77a6.jpg', 'ГСТ-61-М1', '', '35');
INSERT INTO `foto` VALUES ('78', '/fotos/b29d4d613abd25fddf749cecea413ec2.jpg', 'ГСТ-61-М1', '', '35');
INSERT INTO `foto` VALUES ('79', '/fotos/a80d8c1822ca3fdef80c4c69c3554a02.jpg', 'ГСТ-61-М1', '', '35');
INSERT INTO `foto` VALUES ('80', '/fotos/b7df4942ea1116bf05b2b4c8c702fe29.jpg', 'ГСТ-61-М1', '', '35');
INSERT INTO `foto` VALUES ('85', '/fotos/6a7f9f33d2195891593fbfbaca0cd593.jpg', 'Грохот колосниковый ГКВ', '', '39');
INSERT INTO `foto` VALUES ('87', '/fotos/c37673dc3005fd3c239b1cfab4fef549.jpg', 'ГИ-2,9-1УС', '', '41');
INSERT INTO `foto` VALUES ('88', '/fotos/e56b5c35ca295a2b7221e5324c428a00.jpg', 'СР-4', '', '42');
INSERT INTO `foto` VALUES ('89', '/fotos/b8229ba319d0fcdc82c3cfd356a86a06.jpg', 'СР-2', '', '42');
INSERT INTO `foto` VALUES ('90', '/fotos/f08c8047a5f4f27c37b488efa60fd701.jpg', 'СР-2', '', '42');
INSERT INTO `foto` VALUES ('91', '/fotos/ef28b8e9e40d9a5749c096543e907d0b.jpg', 'СР-2', '', '42');
INSERT INTO `foto` VALUES ('104', '/fotos/09d8670ea33b50e613ac853db468e8cd.jpg', 'Металлические колонны', '', '46');
INSERT INTO `foto` VALUES ('105', '/fotos/67fbbc70dcb80a636527bf46dfa67624.jpg', 'Металлические колонны', '', '46');
INSERT INTO `foto` VALUES ('109', '/fotos/4315cb7595df9786a83803b43ce81efe.jpg', 'Нестандартные металлоконструкции', '', '48');
INSERT INTO `foto` VALUES ('110', '/fotos/cd4d8ef1158e1ebe0f543f18ecf82d84.jpg', 'Нестандартные металлоконструкции', '', '48');
INSERT INTO `foto` VALUES ('111', '/fotos/07eafe2d390e95a9c1741757b7ee4809.jpg', 'ГИ-5x2К, ГИК-52М2, ГИК-52МЗ', '', '49');
INSERT INTO `foto` VALUES ('112', '/fotos/21f53e6fa485e5ec00a307fb644adc82.jpg', 'ГА-41', '', '50');
INSERT INTO `foto` VALUES ('113', '/fotos/4a5db533a870cfd4c808fb4198d2e6e0.jpg', 'ГА-41', '', '50');
INSERT INTO `foto` VALUES ('114', '/fotos/09a099840ff17b518ab440b1b86c7a04.jpg', 'ГА-41', '', '50');
INSERT INTO `foto` VALUES ('115', '/fotos/03447c65004bbbe06a666575888beb12.jpg', 'ГА-41', '', '50');
INSERT INTO `foto` VALUES ('116', '/fotos/1f181677cce9a92c08a01a6dc2b1b361.jpg', 'ГС-3x1МВ', '', '51');
INSERT INTO `foto` VALUES ('117', '/fotos/68e2fc31eab2e6ffec8a8085ad25ae44.jpg', 'ГИТ-42', '', '52');
INSERT INTO `foto` VALUES ('118', '/fotos/203527c4ad111d7d9700a9a9cf7126f7.jpg', 'ГИТ-42', '', '52');
INSERT INTO `foto` VALUES ('119', '/fotos/8251eda22cd3b8b637da8dce515a130b.jpg', 'ГИТ-42', '', '52');
INSERT INTO `foto` VALUES ('120', '/fotos/94ec5cb49dca24463bc309f0104bb759.jpg', 'ГСТ-52.П.М2', '', '53');
INSERT INTO `foto` VALUES ('121', '/fotos/90fec36a7b6d9b33ef022e517aa8b4ee.jpg', 'Грохот вероятностный ГВ-3Я', '', '54');
INSERT INTO `foto` VALUES ('127', '/fotos/a08725c67624aff89574b93f76c9bf08.jpg', 'ПВ-18М', '', '55');
INSERT INTO `foto` VALUES ('128', '/fotos/66f004caeaf316159d2a829446a45ca0.jpg', 'ПВ-18М', '', '55');
INSERT INTO `foto` VALUES ('131', '/fotos/da2a203e65116faa0d5ede82e91028b1.jpg', 'Установка дробления кремния', '', '56');
INSERT INTO `foto` VALUES ('132', '/fotos/b410b15772ac634d809ddf3973c765df.jpg', 'Установка дробления кремния', '', '56');
INSERT INTO `foto` VALUES ('129', '/fotos/5694b96e2425ec69dafb14687727d4de.jpg', 'ПВ-18М', '', '55');
INSERT INTO `foto` VALUES ('130', '/fotos/403bb625aff77d34fab9d3e62b959bf0.jpg', 'ПВМ', '', '29');
INSERT INTO `foto` VALUES ('133', '/fotos/73ea482b6206ee0902220f1be934bf52.jpg', 'Установка дробления кремния', '', '56');
INSERT INTO `foto` VALUES ('134', '/fotos/e0f5520fe4e718389c820bd106397abd.jpg', 'Установка дробления кремния', '', '56');
INSERT INTO `foto` VALUES ('135', '/fotos/3512a75b02b0c970fe6973c3bfcd1749.jpg', 'Металлические балки', '', '57');
INSERT INTO `foto` VALUES ('136', '/fotos/cb05cd14491896efa3874f7140043b71.jpg', 'Металлические балки', '', '57');
INSERT INTO `foto` VALUES ('137', '/fotos/614e4bb6cc7656751d2bb467358dc465.jpg', 'Металлические балки', '', '57');
INSERT INTO `foto` VALUES ('138', '/fotos/a4bf146ae14d1d4bc28247c220aa3f0c.jpg', 'Металлические фермы', '', '58');
INSERT INTO `foto` VALUES ('139', '/fotos/3e7e003d228842dbee2f96dd6e5673af.jpg', 'Металлические фермы', '', '58');
INSERT INTO `foto` VALUES ('140', '/fotos/cc30404e66933116316e6ea26eab2c59.jpg', 'Линия брикетирования ферросплавов', '', '59');
INSERT INTO `foto` VALUES ('141', '/fotos/e83a91277993df2dc06d30f07ef7ff0d.jpg', 'Линия брикетирования ферросплавов', '', '59');

-- ----------------------------
-- Table structure for `prod_cat`
-- ----------------------------
DROP TABLE IF EXISTS `prod_cat`;
CREATE TABLE `prod_cat` (
  `id` int(11) NOT NULL AUTO_INCREMENT,
  `cat_name` varchar(255) NOT NULL,
  `link` varchar(255) NOT NULL,
  `keywords` text,
  `description` text,
  PRIMARY KEY (`id`)
) ENGINE=MyISAM AUTO_INCREMENT=18 DEFAULT CHARSET=utf8;

-- ----------------------------
-- Records of prod_cat
-- ----------------------------
INSERT INTO `prod_cat` VALUES ('1', 'Вибрационные питатели', '/products/categories/', 'Вибрационные питатели, вибропитатели, вибропитатели добавок, вибрационные питатели добавок, горношахтное оборудование, горно-шахтное оборудование, изготовление вибропитателей, производство вибропитателей, изготовление вибрационного оборудования, производство вибрационного оборудования, подача сырья, виброподача сырья, вибро-подача сырья, подача руды', 'Изготовление вибрационных питателей');
INSERT INTO `prod_cat` VALUES ('2', 'Питатели качающиеся', '/products/categories/', 'Питатели качающиеся, выдача сырья, выдача сыпучих материалов, подача сыпучих материалов, подача сырья', 'Изготовление питателей качающихся');
INSERT INTO `prod_cat` VALUES ('3', 'Грохоты', '/products/categories/', 'Грохоты, изготовление грохотов, производство грохотов, классификация горячего агломерата, рассев агломерата, классификация агломерата, рассев, рассев сырья, грохочение, горношахтное оборудование, горячий грохот, классификация сырья, грохочение сыпучих материалов, рассев сыпучих, классификация сыпучих, разделение руды, классификация руды, рассев руды', 'Изготовление различных грохотов для классификации сырья');
INSERT INTO `prod_cat` VALUES ('4', 'Смесители роторные', '/products/categories/', 'Смесители роторные, смешивание сыпучих материалов, смесители промышленные, шихтоподготовка, шихтоподготовка агломерационных, шихтоподготовка окомковательных, смешивание концентратов, смешивание углей, смешивание сырья, изготовление смесителей роторных, роторные смесители, производство роторных смесителей, смешивание материалов на конвеере', 'Производство смесителей роторных для смешивания сыпучих материалов с насыпной плотностью до 2,5 т/м3 на движущейся ленте ленточного конвейера.');
INSERT INTO `prod_cat` VALUES ('6', 'Строительные металлоконструкции', '/products/categories/', 'металлические колонны, двутавровые стальные балки, горячекатаные балки, колонные балки, несущие балки, строительные металлоконструкции, изготовление металлоконструкций, металлоконструкции, балки металлические, балки из металла, колонны из металла, фермы из металла, несущие металлоконструкции, металлические конструкции, изготовление балок, изготовление колонн, изготовление ферм, изготовление металлических балок, изделия из металлопроката, производство металлоконструкций, производство несущих металлоконструкций, производство металлических балок, нестандартные металлоконструкции, нетиповые металлоконструкции, производство конструкций из металлопроката', 'Изготовление металлоконструкций любой сложности. Производство металлических балок, ферм, колонн, нестандартных изделий из металлопроката.');
INSERT INTO `prod_cat` VALUES ('17', 'Технологические линии', '/products/categories/', 'технологические линии, линия брикетирования ферросплавов, брикетирование ферросплавов, дробление кремния, линия дробления кремния', '');

-- ----------------------------
-- Table structure for `prod_list`
-- ----------------------------
DROP TABLE IF EXISTS `prod_list`;
CREATE TABLE `prod_list` (
  `id` int(11) NOT NULL AUTO_INCREMENT,
  `prod_name` varchar(255) NOT NULL,
  `prod_desc` text NOT NULL,
  `cat_id` int(11) NOT NULL,
  `keywords` text,
  `description` text,
  PRIMARY KEY (`id`)
) ENGINE=MyISAM AUTO_INCREMENT=60 DEFAULT CHARSET=utf8;

-- ----------------------------
-- Records of prod_list
-- ----------------------------
INSERT INTO `prod_list` VALUES ('1', 'Питатели типа ВЗПЛ (виброзатворы-питатели лотковые)', 'Питатели ВЗПЛ (виброзатворы-питатели лотковые) используются для организации \nсхем множественной выгрузки из крупных, протяженных бункеров (бункерных эстакад). \nПрименяются в металлургии (доменный передел).', '1', 'Вибрационные питатели, вибропитатели, вибропитатели добавок, вибрационные питатели добавок, горношахтное оборудование, горно-шахтное оборудование, изготовление вибропитателей, производство вибропитателей, изготовление вибрационного оборудования, производство вибрационного оборудования, подача сырья, виброподача сырья, вибро-подача сырья, подача руды', '');
INSERT INTO `prod_list` VALUES ('2', 'Вибрационные питатели типа ПВП', 'Вибрационные питатели типа ПВП предназначены для регулируемой подачи сыпучих материалов на транспортирующие устройства или в рабочие машины.\nПрименяются на предприятиях черной и цветной металлургии (обогатительные фабрики, аглофабрики, доменные и сталеплавильные цехи, ферросплавные заводы, заводы по производству алюминия); в угольной промышленности; в производстве строительных материалов (кирпичные заводы, заводы силикатного кирпича, цементные заводы).\n<p>Возможно изготовление питателей с любой производительностью и габаритами лотков.\nПитатели могут изготавливаться в закрытом или открытом, опорном или подвесном исполнениях. Для работы с материалами, имеющими малый угол естественного откоса, или при решении конкретных компоновочных задач может применяться удлиненное исполнение.</p>', '1', 'Вибрационные питатели, вибропитатели, вибропитатели добавок, вибрационные питатели добавок, горношахтное оборудование, горно-шахтное оборудование, изготовление вибропитателей, производство вибропитателей, изготовление вибрационного оборудования, производство вибрационного оборудования, подача сырья, виброподача сырья, вибро-подача сырья, подача руды', '');
INSERT INTO `prod_list` VALUES ('3', 'Грохоты ГИ-3х1К, ГИ-3x2К, ГИК-32Ш', 'ГИ-3х1К, ГИ-3х2К - инерционные грохоты для рассева мелочи кокса в условиях коксохимических производств и подбункерных помещений доменных печей. <p>ГИК-32Ш - самобалансный грохот с повышенной грузонесущей способностью </p>', '3', 'Грохоты, изготовление грохотов, производство грохотов, классификация горячего агломерата, рассев агломерата, классификация агломерата, рассев, рассев сырья, грохочение, горношахтное оборудование, горячий грохот, классификация сырья, грохочение сыпучих материалов, рассев сыпучих, классификация сыпучих, разделение руды, классификация руды, рассев руды', '');
INSERT INTO `prod_list` VALUES ('26', 'Вибрационные питатели с повышенной грузонесущей способностью ПВ-24М', '<p>Питатели ПВ-24М предназначены для равномерной выдачи сыпучих материалов из бункеров, воронок и других емкостей в рабочие машины или на транспортирующие устройства. Питатели имеют повышенную грузонесущую способность и предназначены для работы под завалом.</p>\n<p>Питатели ПВ-24М являются эффективной заменой традиционно применяемым пластинчатым питателям ПП-2-24. От последних отличаются низкими эксплуатационными расходами из-за отсутствия необходимости в регулярной замене дорогостоящих быстроизнашивающихся деталей (пластин, пальцев и пр.), низкой энергоемкостью, сниженной материалоемкостью и как следствие, более низкой ценой.</p>\n<p>Питатель разработан с применением современного сдвоенного мотор-вибраторного привода. Такое исполнение позволяет оптимизировать динамические параметры машины и показатели надежности и энергопотребления, в частности повысить гарантированный ресурс службы подшипниковых узлов привода до 11200 часов, снизить установленную мощность привода до 18,4 кВт. Интервал смазки привода - 1 раз в 5000 моточасов добавление 130 грамм густой смазки без разборки привода.</p>\n<p>Применение системы управления (включает частотный преобразователь) позволяет обеспечить регулирование производительности питателя в заданных заказчиком пределах, динамическое торможение, работу привода в энергосберегающем режиме, возможность реверса, снизить потребляемую мощность привода в 1,5-2 раза (в зависимости от режима), а также повысить ресурс привода.</p>\n<p>Комплект футеровок лотка питателя изготавливается из листовой стали твердостью 470-640 HBW европейского производства, предназначенной для условий эксплуатации, предъявляющих особо строгие требования к износостойкости. Хорошо сбалансированный химический состав материала футеровок и проработанная технология закалки позволяют получить очень качественный продукт - износостойкую сталь с хорошей ударной вязкостью и высокой прочностью.</p>', '1', 'Вибрационные питатели, вибропитатели, вибропитатели добавок, вибрационные питатели добавок, горношахтное оборудование, горно-шахтное оборудование, изготовление вибропитателей, производство вибропитателей, изготовление вибрационного оборудования, производство вибрационного оборудования, подача сырья, виброподача сырья, вибро-подача сырья, подача руды', '');
INSERT INTO `prod_list` VALUES ('23', 'Вибрационные питатели типа ПИ', 'Питатели ПИ-1,4Ш ПИ-1,4Ш2М предназначены для использования в системах шихтоподач доменных печей.\nПривод питателя ПИ-14Ш выполнен на основе инерционных вибраторов и электродвигателей.\n<p>В приводе модернизированного питателя ПИ 1,4Ш2М использованы мотор-вибраторы.</p>', '1', 'Вибрационные питатели, вибропитатели, вибропитатели добавок, вибрационные питатели добавок, горношахтное оборудование, горно-шахтное оборудование, изготовление вибропитателей, производство вибропитателей, изготовление вибрационного оборудования, производство вибрационного оборудования, подача сырья, виброподача сырья, вибро-подача сырья, подача руды', '');
INSERT INTO `prod_list` VALUES ('24', 'Специальные вибрационные питатели для загрузки магнитных сепараторов', 'Специальные питатели ПВО 1,0x1,4 и ПВ 1,8x1,0 предназначены для загрузки барабанных магнитных сепараторов сухой магнитной сепарации, поэтому их рабочий орган выполнен из немагнитного материала.\n<p>Питатели обеспечивают равномерную по ширине подачу на барабан сепаратора слоя материала.</p>', '1', 'Вибрационные питатели, вибропитатели, вибропитатели добавок, вибрационные питатели добавок, горношахтное оборудование, горно-шахтное оборудование, изготовление вибропитателей, производство вибропитателей, изготовление вибрационного оборудования, производство вибрационного оборудования, подача сырья, виброподача сырья, вибро-подача сырья, подача руды', '');
INSERT INTO `prod_list` VALUES ('29', 'Питатели рудничные вибрационные ПВМ', 'Питатели ПВМ-3-1,2 и ПВМ-4-1,6 предназначены для выпуска руды насыпной плотностью до 4 т/мЗ и крупностью до 1000 мм из выпускных выработок блоков, камер и рудоспусков с последующей погрузкой в средства доставки. Являются эффективной заменой питателям ПВУ-3-1,2 и ПВУ-4-1,6.\n<p>Отличительной особенностью питателей серии ПВМ являются высокая эксплуатационная надежность и энергоэффективность.</p>', '1', 'Вибрационные питатели, вибропитатели, вибропитатели добавок, вибрационные питатели добавок, горношахтное оборудование, горно-шахтное оборудование, изготовление вибропитателей, производство вибропитателей, изготовление вибрационного оборудования, производство вибрационного оборудования, подача сырья, виброподача сырья, вибро-подача сырья, подача руды', '');
INSERT INTO `prod_list` VALUES ('30', 'Питатель качающийся ПКМ-1,6', 'Питатели качающиеся типа ПКМ-1,6 с объемной массой насыпного груза до 1600кг/м3 и ПКМ-2,6— до 2600кг/м3 предназначены для равномерной выдачи нелипких, сыпучих материалов и крупностью не более половины ширины лотка из бункера, воронок и других емкостей в технологические машины или транспортирующие устройства.\n<p>Применяются на предприятиях угольной, горно-металлургической промышленности.</p>\n<p>Отличие питателей ПКМ от присутствующих на рынке питателей ПК состоит в усовершенствованной приводной части.</p>', '2', 'Питатели качающиеся, выдача сырья, выдача сыпучих материалов, подача сыпучих материалов, подача сырья', '');
INSERT INTO `prod_list` VALUES ('32', 'Грохот агломерата ГС-3,5х1', 'Грохот агломерата для подбункерных помещений доменных печей. \n<p>Температура агломерата - до 600°С.\nПривод - встроенные самосинхронизирующиеся вибровозбудители.</p>', '3', 'Грохоты, изготовление грохотов, производство грохотов, классификация горячего агломерата, рассев агломерата, классификация агломерата, рассев, рассев сырья, грохочение, горношахтное оборудование, горячий грохот, классификация сырья, грохочение сыпучих материалов, рассев сыпучих, классификация сыпучих, разделение руды, классификация руды, рассев руды', '');
INSERT INTO `prod_list` VALUES ('35', 'Грохот агломерата ГСТ-61-М1', 'Предназначен для классификации горячего агломерата температурой до 1000°С.\n<p>Привод грохота выполнен на основе двух самосинхронизирующихся независимых мотор-вибраторов, кинематически не связанных между собой. Мотор-вибраторы расположены по обе стороны сеюшей поверхности, вне зоны активного теплового воздействия. </p><p>Простая и надежная настройка дебалансов мотор-вибраторов обеспечивает оптимальный выбор базовых амплитудных режимов грохочения.</p>\n<p>Частотное регулирование привода обеспечивает возможность оперативного управления производительностью и безрезонансный режим динамического торможения.</p>\n<p>Сита грохота изготовлены из легированной жаропрочной стали.</p>', '3', 'Грохоты, изготовление грохотов, производство грохотов, классификация горячего агломерата, рассев агломерата, классификация агломерата, рассев, рассев сырья, грохочение, горношахтное оборудование, горячий грохот, классификация сырья, грохочение сыпучих материалов, рассев сыпучих, классификация сыпучих, разделение руды, классификация руды, рассев руды', '');
INSERT INTO `prod_list` VALUES ('39', 'Грохоты колосниковые ГКВ', 'Применяются для 1-й стадии грохочения руд при подземной добыче. Для решения проблем забивания поверхности грохота перерабатываемым материалом имеют непосредственное вибрационное возбуждение колосникового сита с линейной траекторией движения под углом, близким к нормальному, относительно сеюшей поверхности.<p>Привод колебаний сита выполнен по пространственной схеме на основе пары самосинхронизирующихся мотор-вибраторов.</p>\n<p>Для установки оптимального динамического режима колебаний грохот оборудуется системой управления, включающей частотный инвертор, обеспечиваюший также динамическое торможение и возможность реверса, работу привода в энергосберегающем режиме.</p>', '3', 'Грохоты, изготовление грохотов, производство грохотов, классификация горячего агломерата, рассев агломерата, классификация агломерата, рассев, рассев сырья, грохочение, горношахтное оборудование, горячий грохот, классификация сырья, грохочение сыпучих материалов, рассев сыпучих, классификация сыпучих, разделение руды, классификация руды, рассев руды', '');
INSERT INTO `prod_list` VALUES ('41', 'Грохоты бункерные ГИ-2,9-1УС, ГИС-2,9-1УС', 'Предназначены для выделения ив потока угольного концентрата мелкой фракции (0-3мм) перед подачей его на дробление.\n<p>Привод - один (ГИ) или два (ГИС) мотор-вибратора.</p>', '3', 'Грохоты, изготовление грохотов, производство грохотов, классификация горячего агломерата, рассев агломерата, классификация агломерата, рассев, рассев сырья, грохочение, горношахтное оборудование, горячий грохот, классификация сырья, грохочение сыпучих материалов, рассев сыпучих, классификация сыпучих, разделение руды, классификация руды, рассев руды', '');
INSERT INTO `prod_list` VALUES ('42', 'Роторные смесители', 'Роторные смесители предназначены для смешивания сыпучих материалов с насыпной плотностью до 2,5 т/м3 на движущейся ленте ленточного конвейера. Их применение для предварительного смешивания в системах шихтоподготовки агломерационных и окомковательных производств позволяет существенно повысить эффективность смешивания сырья.\n<p>Перспективным представляется применение роторных смесителей для смешивания концентратов, углей и другого сырья, смерзающегося при грузовых перевозках в зимнее время, с профилактическими присадкам предотвращающими смерзание (АСК).</p>\n<p>Роторные смесители устанавливаются непосредственно над лентой конвейера, не создают значительных динамических нагрузок, поэтому их внедрение в условиях действующих конвейерных линий не приводит к изменению существующих технологических схем и существенным капитальным затратам.</p>\n<p>Роторные смесители СР - универсальные, общего назначения. Количество секций смесителя (от 2 до 4) зависит от конкретных условий технологического процесса. Каждая секция содержит два ротора. Обычно первым по ходу движения смешиваемого материала устанавливается ротор с рыхлящими тросовыми элементами, который обеспечивает рыхление и дезинтеграцию материалов. Вторым устанавливаемым ротором является лопастной с эластомерными лопастями переменной жёсткости, обеспечивающий необходимую степень смешивания сыпучих материалов. Конструкция роторов обеспечивает быструю замену рабочих элементов. Конструкция секций обеспечивает регулировку зазоров между роторами и лентой конвейера, что позволяет снизить износ ленты и исключить заклинивание между лентой и ротором случайных металлических предметов. Привод двух роторов в каждой секции обеспечивается одним асинхронным двигателем через клиноременную передачу.</p>\n<p>Дополнительной опцией является комплектная поставка роторного смесителя с частотным преобразователем, что обеспечивает оперативное регулирование про- изводительности. Применяемые частотные преобразователи OMRON EUROPE BV (Нидерланды) отличаются высокой надёжностью в тяжёлых условиях эксплуатации. Кроме типоразмеров смесителей основного ряда от заказчиков принимаются заявки на изготовление роторных смесителей СР с учетом индивидуальных особенностей технологического процесса с требуемой производительностью, габаритами и привязкой к сушествуюшему оборудованию.</p>\n<p>Возможно взрывобезопасное исполнение.</p>', '4', 'Смесители роторные, смешивание сыпучих материалов, смесители промышленные, шихтоподготовка, шихтоподготовка агломерационных, шихтоподготовка окомковательных, смешивание концентратов, смешивание углей, смешивание сырья, изготовление смесителей роторных, роторные смесители, производство роторных смесителей, смешивание материалов на конвеере', '');
INSERT INTO `prod_list` VALUES ('46', 'Металлические колонны', 'Быстровозводимые сооружения на металлическом каркасе сегодня стали наиболее востребованы. Металлические колонны, объединенные металлическими балками, образуют надежный каркас здания, к которому примыкают перегородки, облицованные утеплителем и другими строительными материалами. \n<p>Металлические колонны предназначены для передачи нагрузки от вышерасположенных конструкций через фундамент на грунт. Металлические колонны по типу бывают сплошные и сквозные (решетчатые). Металлические колонны несут основную силовую нагрузку.</p>\n<p>При выборе металлоконструкции учитывают прочностные характеристики, вес, удобность транспортировки и сборки. Металлические стальные колонны используются чаще других именно из-за высоких прочностных характеристик.\nПомимо своего основного назначения металлические колонны часто выполняют и технологические задачи (поддерживают подкрановые пути, оборудование и др.).</p>\n<p>Изготовление металлических колонн происходит из прокатных профилей, швеллеров, балок двутавровых, листового проката.</p>', '6', 'металлические колонны, стальные колонны, колонны, колонные балки, несущие колонны, строительные металлоконструкции, изготовление металлоконструкций, металлоконструкции, колонны металлические, колонны из металла, несущие металлоконструкции, металлические конструкции, изготовление колонн, изготовление металлических колонн, изделия из металлопроката, производство металлоконструкций, производство несущих металлоконструкций, производство металлических колонн', 'Изготовление металлических колонн');
INSERT INTO `prod_list` VALUES ('48', 'Нестандартные металлоконструкции', 'Металлоконструкции в зависимости от области их применения делят на промышленные, строительные, сельскохозяйственные и прочие, кроме того, выделяют металлоконструкции внешние и внутренние, лёгкие и тяжёлые, защитные и барьерные и так далее.\n<p>Отдельно выделяют нетиповые металлоконструкции, производство которых требует нестандартных технических решений. Каждая такая металлоконструкция не имеет аналогов и разрабатывается и изготавливается под конкретные нужды.</p>\n<p>Зачастую, изготовление нестандартных металлоконструкций требует применения нестандартного металлопроката. Для решения этой задачи применяются такие виды нестандартного металлопроката как балки с гибкой и гофрированной стенкой, профилированный лист, холодногнутые сварные профили и так далее. Кроме того, для изготовления некоторых узлов и элементов необходимо применение специфической механической обработки или литья готовых изделий.</p>\n<p>Нестандартные металлоконструкции изготавливаются по технической документации заказчика в строгом соответствии с предоставленными чертежами. При необходимости наши инженеры-конструкторы могут осуществить проверку и переработку предоставленной конструкторской документации заказчика.</p>', '6', 'стальные конструкции, нестандартные металлоконструкции, нетиповые металлоконструкции, строительные металлоконструкции, изготовление металлоконструкций, металлоконструкции, изделия из металла, несущие металлоконструкции, металлические конструкции, изготовление конструкций из металла, изготовление металлических конструкций, изделия из металлопроката, производство металлоконструкций, производство несущих металлоконструкций, производство конструкций из металлопроката', 'Изготовление нестандартных металлоконструкций по технической документации заказчика в строгом соответствии с предоставленными чертежами.');
INSERT INTO `prod_list` VALUES ('49', 'Грохоты ГИ-5x2К, ГИК-52М2, ГИК-52МЗ', 'Предназначены для отсева коксовой мелочи класса минус 20 мм перед загрузкой кокса в доменную печь.\n<p>ГИ-5x2К - традиционная модель со встроенным приводом.</p>\n<p>ГИК-52М2 - грохот с накладным приводом верхнего размещения с возможностью изменения его положения по длине короба.</p>\n<p>ГИК-52МЗ - грохот с мотор-вибраторным приводом.</p>', '3', 'Грохоты, изготовление грохотов, производство грохотов, классификация горячего агломерата, рассев агломерата, классификация агломерата, рассев, рассев сырья, грохочение, горношахтное оборудование, горячий грохот, классификация сырья, грохочение сыпучих материалов, рассев сыпучих, классификация сыпучих, разделение руды, классификация руды, рассев руды', '');
INSERT INTO `prod_list` VALUES ('50', 'Грохот агломерата и окатышей ГА-41-1Ш', 'Грохот агломерата и окатышей для подбункерных помещений доменных печей.\nТемпература агломерата - до 600°С.\nПривод - накладные самосинхронизирующиеся вибровозбудители.', '3', 'Грохоты, изготовление грохотов, производство грохотов, классификация горячего агломерата, рассев агломерата, классификация агломерата, рассев, рассев сырья, грохочение, горношахтное оборудование, горячий грохот, классификация сырья, грохочение сыпучих материалов, рассев сыпучих, классификация сыпучих, разделение руды, классификация руды, рассев руды', '');
INSERT INTO `prod_list` VALUES ('51', 'Грохот агломерата ГС-3x1МВ', 'Грохот агломерата для подбункерных помещений доменных печей.\nЯвляется развитием модели ГА-41-1Ш. \n<p>Увеличен угол наклона лотка и изменен привод применены мотор-вибраторы.</p>', '3', 'Грохоты, изготовление грохотов, производство грохотов, классификация горячего агломерата, рассев агломерата, классификация агломерата, рассев, рассев сырья, грохочение, горношахтное оборудование, горячий грохот, классификация сырья, грохочение сыпучих материалов, рассев сыпучих, классификация сыпучих, разделение руды, классификация руды, рассев руды', '');
INSERT INTO `prod_list` VALUES ('52', 'Грохот ГИТ-42.МВ1', 'Грохот ГИТ-42.МВ1 предназначен для разделения по крупности рудных материалов объемной массой до 2,8 м.куб. после стадии среднего дробления в условиях дробильных фабрик горно-обогатительных комбинатов.\n<p>Крупность питания - не более 100 мм. Грохот ГИТ-42.МВ1 совместим с грохотами ГИТ-42 по габаритным и установочным размерам и может быть использован для их замены.</p>\n<p>В конструкиии ГИТ-42.МВ1 применен мотор-вибраторный привод, что позволило улучшить показатели производительности, эффективности грохочения и ремонтопригодности, а также снизить энергопотребление.</p>', '3', 'Грохоты, изготовление грохотов, производство грохотов, классификация горячего агломерата, рассев агломерата, классификация агломерата, рассев, рассев сырья, грохочение, горношахтное оборудование, горячий грохот, классификация сырья, грохочение сыпучих материалов, рассев сыпучих, классификация сыпучих, разделение руды, классификация руды, рассев руды', '');
INSERT INTO `prod_list` VALUES ('53', 'Грохот ГСТ-52.П.М2', 'Грохот ГСТ-52.П.М2 предназначен для разделения по\nкрупности рудных материалов объемной массой до 2,8м.куб.\nв условиях дробильных фабрик горно-обогатительных\nкомбинатов. Крупность питания - не более 100 мм.\n<p>В конструкции ГСТ-52.П.М2 применен привод на основе самосинхронизирующихся электрических мотор-вибраторов, что позволило улучшить показатели производительности, эффективности грохочения и ремонтопригодности, а также снизить энергопотребление.</p>', '3', 'Грохоты, изготовление грохотов, производство грохотов, классификация горячего агломерата, рассев агломерата, классификация агломерата, рассев, рассев сырья, грохочение, горношахтное оборудование, горячий грохот, классификация сырья, грохочение сыпучих материалов, рассев сыпучих, классификация сыпучих, разделение руды, классификация руды, рассев руды', '');
INSERT INTO `prod_list` VALUES ('54', 'Грохот вероятностный ГВ-3Я', 'Имеет высокую эффективность при рассеве по классу (8-12 мм) влажных (более 8%)и липких материалов.\nРассев производится на крутонаклоненных ситах.\nОтверстия сит больше размера самых крупных кусков в исходном материале; углы наклона сит увеличиваются, а размер отверстий уменьшается от верхнего яруса к нижнему.\n<p>Привод - два самосинхронизируюшихся мотор-вибратора.</p>', '3', 'Грохоты, изготовление грохотов, производство грохотов, классификация горячего агломерата, рассев агломерата, классификация агломерата, рассев, рассев сырья, грохочение, горношахтное оборудование, горячий грохот, классификация сырья, грохочение сыпучих материалов, рассев сыпучих, классификация сыпучих, разделение руды, классификация руды, рассев руды', '');
INSERT INTO `prod_list` VALUES ('55', 'Вибрационные питатели с повышенной грузонесущей способностью ПВ-18М', 'Питатели ПВ-18М предназначены для равномерной выдачи сыпучих материалов из бункеров, воронок и других емкостей в рабочие машины или на транспортирующие устройства. Питатели имеют повышенную грузонесущую способность и предназначены для работы под завалом.\r\n<p>Питатели ПВ-18М являются эффективной заменой традиционно применяемым пластинчатым питателям ПП-2-12. От последних отличаются низкими Эксплуатационными расходами из-за отсутствия необходимости в регулярной замене дорогостояших быстроизнашиваюшихся деталей (пластин, пальцев и пр.), низкой энергоемкостью, сниженной материалоемкостью и как следствие, более низкой ценой.</p>', '1', 'Вибрационные питатели, вибропитатели, вибропитатели добавок, вибрационные питатели добавок, горношахтное оборудование, горно-шахтное оборудование, изготовление вибропитателей, производство вибропитателей, изготовление вибрационного оборудования, производство вибрационного оборудования, подача сырья, виброподача сырья, вибро-подача сырья, подача руды, ПВ-18', '');
INSERT INTO `prod_list` VALUES ('56', 'Установка дробления и рассева поликристаллического кремния', 'Установка дробления и рассева поликристаллического кремния предназначена для дробления слитков поликристаллического кремния и рассева на товарные классы.', '17', 'дробление кремния, рассев кремния,', '');
INSERT INTO `prod_list` VALUES ('57', 'Металлические балки', 'Металлическая балка представляет собой  конструкцию высокой прочности. Такие балки производятся из углеродистой или низкоуглеродистой стали. Металлические балки массово используют в промышленном и крупнопанельном строительстве для перекрытий, опор, при возведении мостов и других сооружений. Принципиально важно использовать балки достаточного запаса прочности, для этого производят специальные предварительные расчеты.\n<p>Металлические балки сегодня с большим успехом применяются в гражданском и промышленном строительстве. Объясняется это тем, что металлическая балка наряду с  умеренной стоимостью, имеет превосходные эксплуатационные характеристики с выгодными функциональными возможностями, которые необходимы для возведения современных зданий в нашей стране.</p>\n<p>Наша компания производит металлические балки: двутавровые стальные горячекатаные, двутавровые стальные горячекатаные с параллельными гранями, двутавровые балки из углеродистой и низкоуглеродистой стали, балки для подвесных путей, широкополочные балки, колонные балки, нормальные балки и др.</p>', '6', 'двутавровые стальные балки, горячекатаные балки, колонные балки, несущие балки, строительные металлоконструкции, изготовление металлоконструкций, металлоконструкции, балки металлические, балки из металла, несущие металлоконструкции, металлические конструкции, изготовление балок, изготовление металлических балок, изделия из металлопроката, производство металлоконструкций, производство несущих металлоконструкций, производство металлических балок', '');
INSERT INTO `prod_list` VALUES ('58', 'Металлические фермы', 'Металлические фермы представляют собой конструкции в виде системы стержней, которые соединены между собой в узлах. Именно благодаря такому соединению в целом они образуют геометрически неизменяемую конструкцию. Когда основная нагрузка на ферму приложена исключительно в узлах, а все оси конструкции пресекаются в центре каждого отдельного из них, жесткость узлов оказывает незначительное влияние на работу всей конструкции: они могут быть классифицированы как шарнирные.\n<p>Такие стержневые системы очень надежны, качественны и устойчивы. Они способны выдержать огромные нагрузки, при этом на их создание идет сравнительно небольшое количество металла, что делает металлические фермы экономически очень выгодным объектом. Поэтому они получили такое распространение, а возможность широкого применения ферм, сделала их очень популярными среди конструкторов.</p>', '6', 'металлические фермы, стальные фермы, несущие фермы, строительные металлоконструкции, изготовление металлоконструкций, металлоконструкции, фермы металлические, фермы из металла, несущие металлоконструкции, металлические конструкции, изготовление ферм, изготовление металлических ферм, изделия из металлопроката, производство металлоконструкций, производство несущих металлоконструкций, производство металлических ферм', '');
INSERT INTO `prod_list` VALUES ('59', 'Линия брикетирования мелочи ферросплавов', 'В состав линии брикетирования входят: пять приемных бункеров с шлюзовыми дозаторами пыли (три для ферросплавов, и два для органического связующего); ленточный конвейер; элеватор; накопительный бункер; шнековый питатель; двухвальный лопастной смеситель; загрузочный бункер; валковый пресс; сушило; грохот брикетов; контейнер отсева на откатной тележке; контейнер готовой продукции.\n<p>Отсев ферросплавов (0-5мм) из контейнера перегружается в один из приемных бункеров через вибростакан с ячейкой 10x10 мм, что исключает случайное попадание посторонних предметов и кусков ферросплавов больше 10 мм.</p>\n<p>Уровень в бункерах отсева 1 и связующего 2 контролируется с помощью вибрационных сигнализаторов уровня типа ВС. Технологический процесс включает следующие операции:\nприем и накопление отсевов ферросплавов крупностью -5 мм и связующего; бункерование отсевов и связующего; дозирование отсева, связующего и пара в смеситель; смешивание компонентов шихты с одновременным увлажнением и тепловой обработкой; выдачу шихты в приемный бункер валкового пресса; брикетирование шихты; транспортирование брикетов с одновременной сушкой, отделение на грохоте облоя из обшей массы брикетов; загрузка брикетов в контейнер; упрочнение брикетов в процессе вылеживания в течение 24-х и более часов, после чего производится их отгрузка в сталеплавильные цеха; облой через бункер отсева возвращается в техпроцесс.</p>\n<p>Принципиальная схема цепей аппаратов для производства брикетов одинакова при брикетировании всех видов отсевов ферросплавов.</p>\n<p>Брикетирование ферросплавов представляет собой сложный физико-химический процесс взаимодействия разобшенных твердых частиц. Структура брикетов образуется путем непосредственных контактов частии между собой или через прослойки связуюших и воды за счет прилагаемых усилий прессования. Формирование структуры брикетов со связующими следует рассматривать как один из видов склеивания разобщенных твердых материалов с помощью клеев (адгезивов). Прилипание как начальная ступень процесса склеивания связана с образованием упорядоченной клеевой пленки на поверхности твердого тела. В результате разобщенные твердые частицы, покрытые связующим, объединяются (склеиваются) в брикет. Важными факторами, определяющими прочность брикета, являются: температура шихты на выходе из смесителя, давление и время контакта смеси в валковом прессе, строение поверхности связующего, степень полимеризации, полярность и структура адгезива, влажность смеси. Соотношение всех этих параметров были получены опытным путем в процессе лабораторно-экспериментальных исследований и пуско-наладочных работ участка брикетирования.</p>\n<p>Брикеты из валкового пресса выгружаются на сушило, подсушиваются до содержания влаги не более 2%, отделяются на грохоте от облоя, грузятся в контейнер и после вылеживания не менее 24 часов брикеты отправляются в сталеплавильные цеха. Облой через бункер шихты ферросплавов возвращается в технологическую цепочку. Для исключения пылевыделений при работе комплекса, все места перегрузок материалов оборудованы укрытиями с аспирационными отсосами. Улавливаемая аспирационными установками пыль оседает в бункерах под рукавными фильтрами. При заполнении бункера пыль, с помощью шлюзового питателя, выгружается в специальный контейнер и возвращается в существующий бункер смеси для утилизации по принятым схемам.</p>\n<p>Производительность участка брикетирования составляет 5...8 т/ч.\nУстановленная мощность оборудования 180 кВт. Среднемесячная наработка ферросплавов составляет 1200..1300 т.</p>\n<p>Готовой продукцией являются брикеты размером 32x30x150 мм, а также обломки брикетов крупностью более 20 мм массой до 50 г. насыпной плотностью:\n2,3-2,4 т/мЗ; 1,4-1,6 т/мЗ.</p>\n<p>Содержание класса 0,5 мм после брикетирования составляет 3%.</p>', '17', 'Линия брикетирования мелочи ферросплавов, брикетирование ферросплавов, переработка ферросплавов, ферросплавы', '');
